#threads, exec_time, speedup
1S, .066016200, 1
1, .064329600, 1.026218
2, .053991500, 1.222714
3, .053398900, 1.236283
4, .056206600, 1.174527
