#threads, exec_time, speedup
1S, .076398800, 1
1, .076157000, 1.003175
2, .061328400, 1.245732
3, .055689100, 1.371880
4, .057238900, 1.334735
