#threads, exec_time, speedup
1S, .043828800, 1
1, .045790400, .957161
2, .041492000, 1.056319
3, .039776000, 1.101890
4, .038526200, 1.137636
