#threads, exec_time, speedup
1S, .043880300, 1
1, .051903100, .845427
2, .043445300, 1.010012
3, .039855800, 1.100976
4, .037994100, 1.154924
