#threads, exec_time, speedup
1S, .517029300, 1
1, .535840200, .964894
2, .327181600, 1.580251
3, .272655900, 1.896270
4, .253336200, 2.040882
