#threads, exec_time, speedup
1S, .100186700, 1
1, .101671700, .985394
2, .077613600, 1.290839
3, .071369600, 1.403772
4, .061575200, 1.627062
