#threads, exec_time, speedup
1S, .055617700, 1
1, .063389900, .877390
2, .047566300, 1.169266
3, .045632200, 1.218825
4, .043740900, 1.271526
