#threads, exec_time, speedup
1S, 0.088209, 1
1, 0.102813, .857955
2, 0.056994, 1.547689
3, 0.050479, 1.747439
4, 0.043760, 2.015744
