#threads, exec_time, speedup
1S, .773326400, 1
1, .759797200, 1.017806
2, .420278100, 1.840034
3, .388525000, 1.990416
4, .311091400, 2.485849
