#threads, exec_time, speedup
1S, 0.609183, 1
1, 0.631201, .965117
2, 0.381157, 1.598246
3, 0.251670, 2.420562
4, 0.210042, 2.900291
