#threads, exec_time, speedup
1S, .014270500, 1
1, .073917600, .193059
2, .012691300, 1.124431
3, .013177400, 1.082952
4, .011940100, 1.195174
#threads, exec_time, speedup
1S, 6.149131200, 1
1, 5.988455400, 1.026830
2, 3.243414500, 1.895882
3, 2.464121100, 2.495466
4, 2.140562600, 2.872670
