#threads, exec_time, speedup
1S, 6.265295000, 1
1, 5.876875700, 1.066092
2, 3.201364400, 1.957070
3, 2.339054600, 2.678558
4, 2.094672200, 2.991062
#threads, exec_time, speedup
1S, 6.269345600, 1
1, 6.140869100, 1.020921
2, 3.458540200, 1.812714
3, 2.773730800, 2.260257
4, 2.261312300, 2.772436
