#threads, exec_time, speedup
1S, 3.511208300, 1
1, 3.557193300, .987072
2, 2.177036400, 1.612838
3, 1.696171000, 2.070079
4, 1.686974300, 2.081364
