#threads, exec_time, speedup
1S, .261684900, 1
1, .241464100, 1.083742
2, .155726700, 1.680411
3, .134297500, 1.948546
4, .157656300, 1.659844
