#threads, exec_time, speedup
1S, 0.079706, 1
1, 0.078707, 1.012692
2, 0.037806, 2.108289
3, 0.035284, 2.258984
4, 0.029126, 2.736592
