#threads, exec_time, speedup
1S, .063331100, 1
1, .053864200, 1.175754
2, .045576800, 1.389546
3, .042345800, 1.495569
4, .034642300, 1.828143
