#threads, exec_time, speedup
1S, 0.118636, 1
1, 0.126336, .939051
2, 0.070575, 1.680991
3, 0.050174, 2.364491
4, 0.045515, 2.606525
