#threads, exec_time, speedup
1S, .070306600, 1
1, .064155000, 1.095886
2, .048435200, 1.451560
3, .046221500, 1.521080
4, .064401500, 1.091691
