#threads, exec_time, speedup
1S, 1.225836, 1
1, 1.204757, 1.017496
2, 0.906739, 1.351917
3, 0.625403, 1.960073
4, 0.413436, 2.964995
