#threads, exec_time, speedup
1S, 0.049519, 1
1, 0.061418, .806262
2, 0.038887, 1.273407
3, 0.036541, 1.355162
4, 0.028277, 1.751211
