#threads, exec_time, speedup
1S, .445255100, 1
1, .442933800, 1.005240
2, .273511700, 1.627919
3, .220827700, 2.016300
4, .199771900, 2.228817
