#threads, exec_time, speedup
1S, .042016700, 1
1, .035697300, 1.177027
2, .036242100, 1.159334
3, .030044800, 1.398468
4, .029199000, 1.438977
