#threads, exec_time, speedup
1S, 0.038549, 1
1, 0.049013, .786505
2, 0.031110, 1.239119
3, 0.025811, 1.493510
4, 0.021921, 1.758542
