#threads, exec_time, speedup
1S, 18.680028, 1
1, 19.840897, .941491
2, 10.539249, 1.772424
3, 6.924210, 2.697784
4, 5.753467, 3.246742
