#threads, exec_time, speedup
1S, 0.169209, 1
1, 0.180098, .939538
2, 0.117222, 1.443491
3, 0.081633, 2.072801
4, 0.071907, 2.353164
