#threads, exec_time, speedup
1S, 2.138888, 1
1, 2.220381, .963297
2, 1.178273, 1.815273
3, 0.806384, 2.652443
4, 0.636663, 3.359529
