#threads, exec_time, speedup
1S, 11.026452, 1
1, 10.767904, 1.024010
2, 6.388101, 1.726092
3, 4.098075, 2.690641
4, 3.607558, 3.056486
