#threads, exec_time, speedup
1S, .041147200, 1
1, .035314800, 1.165154
2, .029494700, 1.395070
3, .030339300, 1.356234
4, .027206900, 1.512381
