#threads, exec_time, speedup
1S, .088262700, 1
1, .081640900, 1.081108
2, .058424100, 1.510724
3, .054640300, 1.615340
4, .048090200, 1.835357
