#threads, exec_time, speedup
1S, .051223400, 1
1, .044008000, 1.163956
2, .038076400, 1.345279
3, .040337200, 1.269879
4, .030881600, 1.658702
